City_ID,City,Country,Date,Lat,Lng,Max Temp,Humidity,Cloudiness,Wind Speed
0,Mar Del Plata,AR,2021-05-31 08:36:26,-38.0023,-57.5575,54.0,63,0,17.0
1,Fort-Shevchenko,KZ,2021-05-31 08:36:49,44.5086,50.263,71.1,73,3,12.73
2,Mersing,MY,2021-05-31 08:36:50,2.4312,103.8405,76.91,100,40,3.44
3,Kodigenahalli,IN,2021-05-31 08:36:50,13.72,77.3903,90.59,40,62,9.64
4,Cordele,US,2021-05-31 08:36:51,31.9635,-83.7824,66.72,72,1,4.61
5,Hilo,US,2021-05-31 08:36:41,19.7297,-155.09,74.93,88,90,5.75
6,Geraldton,AU,2021-05-31 08:27:03,-28.7667,114.6,66.13,68,40,16.84
7,Vardo,NO,2021-05-31 08:27:31,70.3705,31.1107,44.58,76,75,20.71
8,Mataura,NZ,2021-05-31 08:36:51,-46.1927,168.8643,49.48,97,100,3.8
9,Anadyr,RU,2021-05-31 08:36:52,64.75,177.4833,54.1,43,0,3.33
10,Lindenberg,DE,2021-05-31 08:36:52,49.3803,8.0986,66.18,47,0,9.13
11,Kemin,KG,2021-05-31 08:36:53,42.7846,75.6892,81.05,32,71,6.58
12,Vrangel,RU,2021-05-31 08:36:54,42.7297,133.0839,51.3,88,24,8.59
13,Aktau,KZ,2021-05-31 08:36:55,43.65,51.2,77.58,63,8,19.3
14,Rivadavia,AR,2021-05-31 08:33:35,-33.1905,-68.4608,43.27,58,44,4.34
15,Ilulissat,GL,2021-05-31 08:36:56,69.2167,-51.1,33.82,86,75,6.91
16,Bilma,NE,2021-05-31 08:36:56,18.6853,12.9164,101.37,6,72,7.52
17,Norman Wells,CA,2021-05-31 08:36:57,65.282,-126.8329,46.44,76,75,2.3
18,Albany,US,2021-05-31 08:35:41,42.6001,-73.9662,48.38,95,100,4.7
19,Lucea,JM,2021-05-31 08:36:58,18.451,-78.1736,76.86,79,100,3.11
20,Tasiilaq,GL,2021-05-31 08:36:59,65.6145,-37.6368,35.76,72,22,6.49
21,Jamestown,US,2021-05-31 08:36:59,42.097,-79.2353,43.72,87,1,1.01
22,Hambantota,LK,2021-05-31 08:37:00,6.1241,81.1185,93.54,62,20,22.53
23,Puerto Del Rosario,ES,2021-05-31 08:37:00,28.5004,-13.8627,67.75,68,75,17.27
24,Marshall,US,2021-05-31 08:37:00,34.3834,-86.3333,56.91,83,1,3.85
25,Banjar,ID,2021-05-31 08:37:01,-8.19,114.9675,85.86,75,60,1.54
26,Talnakh,RU,2021-05-31 08:33:11,69.4865,88.3972,36.99,88,100,11.59
27,Bluff,NZ,2021-05-31 08:37:01,-46.6,168.3333,49.8,73,98,10.02
28,Eyl,SO,2021-05-31 08:37:02,7.9803,49.8164,91.02,48,52,20.85
29,Hobart,AU,2021-05-31 08:37:02,-42.8794,147.3294,46.26,80,100,1.01
30,Khatanga,RU,2021-05-31 08:37:03,71.9667,102.5,38.3,100,100,1.3
31,Nelson Bay,AU,2021-05-31 08:37:04,-32.7167,152.15,57.99,89,0,4.09
32,Port Hardy,CA,2021-05-31 08:32:15,50.6996,-127.4199,59.18,77,75,6.91
33,Birjand,IR,2021-05-31 08:37:04,32.8663,59.2211,93.67,7,0,11.5
34,Toora-Khem,RU,2021-05-31 08:37:04,52.4675,96.11,53.91,38,98,10.6
35,Besikduzu,TR,2021-05-31 08:37:06,41.052,39.2284,69.69,62,5,8.3
36,Yelyzavethradka,UA,2021-05-31 08:37:06,48.8038,32.4046,61.0,71,100,8.75
37,Saint George,US,2021-05-31 08:37:06,37.1041,-113.5841,77.59,17,1,5.75
38,Barrow,US,2021-05-31 08:37:07,71.2906,-156.7887,30.22,80,90,12.66
39,Bubaque,GW,2021-05-31 08:27:29,11.2833,-15.8333,77.22,79,100,7.52
40,Yellowknife,CA,2021-05-31 08:37:08,62.456,-114.3525,39.72,70,20,10.36
41,Pevek,RU,2021-05-31 08:37:08,69.7008,170.3133,41.18,64,15,5.23
42,Atuona,PF,2021-05-31 08:37:09,-9.8,-139.0333,78.76,72,11,12.21
43,Avera,US,2021-05-31 08:28:26,33.194,-82.5271,60.71,79,0,6.35
44,Roald,NO,2021-05-31 08:37:09,62.5833,6.1333,55.0,87,90,5.75
45,Saurimo,AO,2021-05-31 08:37:10,-9.6608,20.3916,77.61,24,2,10.65
46,Avarua,CK,2021-05-31 08:37:10,-21.2078,-159.775,68.05,77,71,3.44
47,Egvekinot,RU,2021-05-31 08:27:16,66.3167,-179.1667,41.34,50,17,4.92
48,Katangli,RU,2021-05-31 08:37:11,51.7102,143.2326,39.34,75,10,6.42
49,Rikitea,PF,2021-05-31 08:37:11,-23.1203,-134.9692,74.89,64,68,9.31
50,Lixourion,GR,2021-05-31 08:37:11,38.2019,20.4314,73.26,78,20,15.17
51,Cochrane,CA,2021-05-31 08:37:03,51.1834,-114.4687,60.04,49,1,6.87
52,Tuktoyaktuk,CA,2021-05-31 08:37:12,69.4541,-133.0374,28.27,90,8,7.49
53,Khani,GE,2021-05-31 08:37:13,41.9563,42.9566,78.37,34,0,5.79
54,San Cristobal,VE,2021-05-31 08:31:22,7.7669,-72.225,64.51,95,96,2.82
55,Ouallam,NE,2021-05-31 08:37:14,14.3188,2.0866,97.11,31,2,11.01
56,Noumea,NC,2021-05-31 08:28:01,-22.2763,166.4572,72.0,99,61,9.35
57,Vaini,TO,2021-05-31 08:37:15,-21.2,-175.2,75.36,83,75,3.44
58,Sao Joao Do Piaui,BR,2021-05-31 08:37:16,-8.3581,-42.2467,66.25,90,4,3.67
59,Hamilton,US,2021-05-31 08:37:16,39.1834,-84.5333,49.3,94,90,0.92
60,Saskylakh,RU,2021-05-31 08:37:16,71.9167,114.0833,48.7,69,13,12.12
61,Garowe,SO,2021-05-31 08:37:17,8.4054,48.4845,90.63,36,67,18.28
62,Sitka,US,2021-05-31 08:37:18,57.0531,-135.33,55.29,76,90,10.36
63,Sainte-Anne-Des-Monts,CA,2021-05-31 08:37:18,49.124,-66.4924,46.27,81,100,4.09
64,Narsaq,GL,2021-05-31 08:31:51,60.9167,-46.05,43.02,58,59,1.21
65,Hegang,CN,2021-05-31 08:37:19,47.4,130.3667,64.71,57,99,3.65
66,Kodiak,US,2021-05-31 08:37:20,57.79,-152.4072,45.91,76,90,4.61
67,Busselton,AU,2021-05-31 08:37:20,-33.65,115.3333,60.08,81,98,7.07
68,Turan,VN,2021-05-31 08:37:21,16.0678,108.2208,96.85,55,20,10.36
69,Coracora,PE,2021-05-31 08:37:21,-15.0333,-73.7833,46.65,65,100,1.32
70,Cidreira,BR,2021-05-31 08:37:22,-30.1811,-50.2056,45.25,73,0,8.16
71,New Norfolk,AU,2021-05-31 08:37:22,-42.7826,147.0587,45.9,76,100,2.57
72,Longyearbyen,SJ,2021-05-31 08:37:22,78.2186,15.6401,37.24,60,75,5.75
73,Lagoa,PT,2021-05-31 08:31:31,39.05,-27.9833,62.65,94,84,11.9
74,Tiksi,RU,2021-05-31 08:37:23,71.6872,128.8694,36.25,88,85,6.4
75,Ushuaia,AR,2021-05-31 08:37:23,-54.8,-68.3,28.06,86,75,9.22
76,Antofagasta,CL,2021-05-31 08:32:27,-23.65,-70.4,58.28,73,28,4.99
77,Trinidad,BO,2021-05-31 08:36:58,-14.8333,-64.9,66.51,62,99,5.93
78,Chuy,UY,2021-05-31 08:37:24,-33.6971,-53.4616,40.37,80,21,8.3
79,Kruisfontein,ZA,2021-05-31 08:27:42,-34.0033,24.7314,58.89,55,100,7.11
80,Mount Pleasant,US,2021-05-31 08:37:24,32.7941,-79.8626,62.98,89,1,1.01
81,Atar,MR,2021-05-31 08:37:25,20.5169,-13.0499,95.29,24,99,9.86
82,Cape Town,ZA,2021-05-31 08:34:42,-33.9258,18.4232,58.12,89,75,1.61
83,Guayaramerin,BO,2021-05-31 08:37:25,-10.8368,-65.3614,71.17,87,41,1.43
84,Chifeng,CN,2021-05-31 08:37:26,42.2683,118.9636,69.44,42,100,15.43
85,Nikolskoye,RU,2021-05-31 08:37:27,59.7035,30.7861,59.79,39,100,3.76
86,Te Anau,NZ,2021-05-31 08:37:27,-45.4167,167.7167,44.1,95,100,4.05
87,Kyabe,TD,2021-05-31 08:37:27,9.4515,18.9449,98.94,32,7,5.21
88,Ardakan,IR,2021-05-31 08:37:28,32.31,54.0175,100.78,5,0,1.48
89,Woodland,US,2021-05-31 08:36:21,38.6785,-121.7733,75.72,63,1,1.01
90,Nizhniy Odes,RU,2021-05-31 08:37:28,63.6445,54.856,50.34,38,91,10.07
91,Namuac,PH,2021-05-31 08:37:29,18.6109,121.1657,85.75,77,94,9.55
92,Ust-Nera,RU,2021-05-31 08:37:30,64.5667,143.2,59.32,51,92,0.67
93,Port Elizabeth,ZA,2021-05-31 08:37:30,-33.918,25.5701,62.1,67,0,2.3
94,Nabinagar,BD,2021-05-31 08:34:54,23.8917,90.9733,82.47,91,100,10.69
95,Bontang,ID,2021-05-31 08:37:31,0.1333,117.5,82.8,83,82,7.61
96,Puerto Ayora,EC,2021-05-31 08:37:32,-0.7393,-90.3518,72.55,90,44,5.99
97,Koungou,YT,2021-05-31 08:37:32,-12.7336,45.2042,85.71,66,0,8.88
98,Rocha,UY,2021-05-31 08:37:33,-34.4833,-54.3333,46.44,56,88,12.12
99,College,US,2021-05-31 08:37:34,64.8569,-147.8028,60.78,49,75,6.91
100,Angoche,MZ,2021-05-31 08:37:34,-16.2325,39.9086,80.8,61,10,6.8
101,Baruun-Urt,MN,2021-05-31 08:37:35,46.6806,113.2792,53.11,37,99,12.39
102,Praia Da Vitoria,PT,2021-05-31 08:27:45,38.7333,-27.0667,64.76,88,40,6.85
103,Giresun,TR,2021-05-31 08:37:36,40.5,38.5,40.32,41,2,10.87
104,Naze,JP,2021-05-31 08:37:36,28.3667,129.4833,76.12,77,65,16.89
105,Santa Cruz,BO,2021-05-31 08:37:36,-17.8,-63.1667,60.26,72,75,9.33
106,Cherskiy,RU,2021-05-31 08:33:11,68.75,161.3,61.57,34,19,2.1
107,Pogar,RU,2021-05-31 08:37:37,52.554,33.2591,52.21,71,99,9.8
108,Fairbanks,US,2021-05-31 08:32:56,64.8378,-147.7164,60.8,50,90,0.0
109,Hermanus,ZA,2021-05-31 08:37:38,-34.4187,19.2345,58.8,72,35,14.34
110,Farafangana,MG,2021-05-31 08:37:38,-22.8167,47.8333,76.62,63,1,5.3
111,Airai,TL,2021-05-31 08:34:07,-8.9266,125.4092,63.1,90,98,0.36
112,Xinqing,CN,2021-05-31 08:37:39,48.2333,129.5,63.7,56,100,5.93
113,Bethel,US,2021-05-31 08:32:08,41.3712,-73.414,48.36,92,90,1.01
114,Brae,GB,2021-05-31 08:37:40,60.3964,-1.353,46.31,78,13,13.11
115,Hovd,MN,2021-05-31 08:37:41,48.0056,91.6419,62.47,21,1,15.99
116,Upernavik,GL,2021-05-31 08:37:41,72.7868,-56.1549,31.21,89,100,3.69
117,Elko,US,2021-05-31 08:37:42,41.0002,-115.5012,56.8,26,100,10.0
118,Butaritari,KI,2021-05-31 08:37:42,3.0707,172.7902,83.48,78,32,13.0
119,Kaitangata,NZ,2021-05-31 08:37:43,-46.2817,169.8464,47.03,93,100,9.64
120,Qaanaaq,GL,2021-05-31 08:37:43,77.484,-69.3632,30.42,90,100,3.0
121,Lorengau,PG,2021-05-31 08:37:43,-2.0226,147.2712,80.65,84,100,12.55
122,Katsuura,JP,2021-05-31 08:37:44,35.1333,140.3,73.51,73,0,10.36
123,Kapaa,US,2021-05-31 08:37:44,22.0752,-159.319,75.18,70,1,3.56
124,Dikson,RU,2021-05-31 08:37:45,73.5069,80.5464,30.65,97,100,18.81
125,Castletown,IE,2021-05-31 08:37:45,53.0281,-9.0686,59.49,72,95,13.96
126,Ponta Do Sol,PT,2021-05-31 08:37:47,32.6667,-17.1,71.01,67,0,0.96
127,Ortona,IT,2021-05-31 08:37:47,42.3496,14.4039,69.12,53,0,11.74
128,Clyde River,CA,2021-05-31 08:37:47,70.4692,-68.5914,21.43,93,1,5.75
129,Souillac,MU,2021-05-31 08:37:49,-20.5167,57.5167,80.98,65,40,10.87
130,Shingu,JP,2021-05-31 08:28:16,33.7333,135.9833,72.59,78,33,3.91
131,Saint-Philippe,RE,2021-05-31 08:37:49,-21.3585,55.7679,81.95,70,1,10.74
132,Kismayo,SO,2021-05-31 08:37:50,-0.3582,42.5454,82.63,68,83,13.73
133,Fortuna,US,2021-05-31 08:37:51,40.5982,-124.1573,59.47,57,84,2.53
134,Victoria,HK,2021-05-31 08:37:52,22.2855,114.1577,91.45,86,100,1.01
135,Salinas,US,2021-05-31 08:37:06,36.6777,-121.6555,60.46,85,90,4.61
136,Purpe,RU,2021-05-31 08:37:53,64.4803,76.6897,48.72,40,100,10.98
137,Savonlinna,FI,2021-05-31 08:37:53,61.8699,28.88,54.25,87,100,8.05
138,Sinnamary,GF,2021-05-31 08:32:57,5.3833,-52.95,75.18,96,100,10.4
139,Ankara,TR,2021-05-31 08:34:52,39.9199,32.8543,71.42,58,75,5.01
140,East London,ZA,2021-05-31 08:37:54,-33.0153,27.9116,63.54,55,0,8.05
141,Punta Arenas,CL,2021-05-31 08:37:55,-53.15,-70.9167,28.51,86,75,6.2
142,Verkh-Chebula,RU,2021-05-31 08:37:56,56.0308,87.6218,68.34,41,96,8.7
143,San Patricio,US,2021-05-31 08:37:57,28.017,-97.5169,80.46,83,100,12.62
144,Batticaloa,LK,2021-05-31 08:37:58,7.7102,81.6924,87.94,60,100,7.78
145,Libreville,GA,2021-05-31 08:37:58,0.3925,9.4537,82.42,78,75,10.36
146,High Rock,BS,2021-05-31 08:37:59,26.6208,-78.2833,77.02,78,49,9.31
147,Taoudenni,ML,2021-05-31 08:38:00,22.6783,-3.9836,105.46,8,21,9.44
148,Aubenas,FR,2021-05-31 08:38:00,44.6201,4.3899,69.46,60,3,4.74
149,Red Bank,US,2021-05-31 08:38:01,40.3471,-74.0643,51.64,91,90,1.01
150,Georgetown,MY,2021-05-31 08:34:22,5.4112,100.3354,91.35,63,20,7.0
151,Padang,ID,2021-05-31 08:38:01,-0.9492,100.3543,84.25,84,68,3.69
152,Abeche,TD,2021-05-31 08:38:02,13.8292,20.8324,104.02,12,0,4.61
153,Kota Kinabalu,MY,2021-05-31 08:36:08,5.9749,116.0724,91.38,66,20,6.91
154,The Valley,AI,2021-05-31 08:38:03,18.217,-63.0578,76.1,73,1,17.69
155,Kizilskoye,RU,2021-05-31 08:38:03,52.7255,58.8937,80.04,41,41,7.23
156,Bloomingdale,US,2021-05-31 08:38:04,27.8936,-82.2404,74.86,86,40,5.53
157,Doha,QA,2021-05-31 08:33:12,25.2867,51.5333,109.71,17,0,5.75
158,Port-Gentil,GA,2021-05-31 08:38:05,-0.7193,8.7815,80.56,83,90,12.66
159,Linqiong,CN,2021-05-31 08:38:05,30.4159,103.4609,93.02,41,45,6.33
160,Oranjemund,NA,2021-05-31 08:38:06,-28.55,16.4333,60.82,62,59,4.23
161,Tuatapere,NZ,2021-05-31 08:38:06,-46.1333,167.6833,49.82,88,100,3.58
162,Hithadhoo,MV,2021-05-31 08:38:07,-0.6,73.0833,84.11,70,37,17.98
163,Yar-Sale,RU,2021-05-31 08:33:12,66.8333,70.8333,48.45,35,92,12.46
164,Torbay,CA,2021-05-31 08:31:22,47.6666,-52.7314,41.49,93,75,6.91
165,Ulladulla,AU,2021-05-31 08:31:35,-35.35,150.4667,51.87,84,0,4.92
166,Liepaja,LV,2021-05-31 08:38:08,56.5419,21.0367,58.98,55,58,6.91
167,Salalah,OM,2021-05-31 08:38:08,17.0151,54.0924,87.89,74,75,14.97
168,Ko Samui,TH,2021-05-31 08:33:49,9.5357,99.9357,91.31,62,20,4.27
169,Nanortalik,GL,2021-05-31 08:38:09,60.1432,-45.2371,36.82,87,6,19.04
170,Utete,TZ,2021-05-31 08:38:09,-7.986,38.758,84.6,58,41,5.06
171,Muscatine,US,2021-05-31 08:38:10,41.4667,-91.1335,57.38,100,20,3.15
172,Crotone,IT,2021-05-31 08:38:10,39.0851,17.1178,69.75,45,0,13.47
173,Pisco,PE,2021-05-31 08:38:10,-13.7,-76.2167,64.45,82,90,2.3
174,Provideniya,RU,2021-05-31 08:38:11,64.3833,-173.3,44.55,50,100,7.99
175,Coihaique,CL,2021-05-31 08:33:52,-45.5752,-72.0662,40.95,93,100,3.44
176,Dakar,SN,2021-05-31 08:38:12,14.6937,-17.4441,72.48,100,20,6.91
177,Lasa,IT,2021-05-31 08:31:16,46.6166,10.7002,59.74,65,21,2.3
178,Ribeira Grande,PT,2021-05-31 08:38:12,38.5167,-28.7,64.8,94,75,10.36
179,Matagami,CA,2021-05-31 08:38:13,49.7502,-77.6328,41.11,65,1,4.99
180,Emerald,AU,2021-05-31 08:38:13,-23.5333,148.1667,66.34,39,0,6.91
181,Amapa,BR,2021-05-31 08:38:14,1.0,-52.0,70.02,99,30,1.74
182,Belmonte,BR,2021-05-31 08:38:15,-15.8631,-38.8828,70.3,88,15,2.66
183,Esperance,AU,2021-05-31 08:38:16,-33.8667,121.9,58.84,79,100,27.74
184,Toropets,RU,2021-05-31 08:38:16,56.4978,31.6353,56.39,37,2,4.7
185,Berdigestyakh,RU,2021-05-31 08:38:17,62.0989,126.6992,67.75,29,93,8.12
186,Meulaboh,ID,2021-05-31 08:38:17,4.1363,96.1285,82.58,78,81,6.8
187,Juneau,US,2021-05-31 08:38:18,58.3019,-134.4197,51.8,95,90,4.05
188,Cooma,AU,2021-05-31 08:38:19,-36.2333,149.1333,37.17,64,0,2.15
189,Portland,US,2021-05-31 08:38:19,45.5234,-122.6762,64.98,70,52,1.01
190,Rosarito,MX,2021-05-31 08:38:19,32.3333,-117.0333,61.48,81,0,3.06
191,Beringovskiy,RU,2021-05-31 08:38:20,63.05,179.3167,34.48,85,19,10.89
192,Mackay,AU,2021-05-31 08:35:18,-21.15,149.2,69.78,73,75,14.97
193,Leningradskiy,RU,2021-05-31 08:38:20,69.3833,178.4167,31.08,93,98,8.05
194,Aberdeen,GB,2021-05-31 08:35:40,57.1437,-2.0981,66.49,100,90,9.22
195,Arraial Do Cabo,BR,2021-05-31 08:38:21,-22.9661,-42.0278,72.61,88,97,6.51
196,Sao Joao Da Barra,BR,2021-05-31 08:38:22,-21.6403,-41.0511,70.77,96,54,7.96
197,Makhachkala,RU,2021-05-31 08:38:22,42.9764,47.5024,77.02,56,5,10.71
198,Whitehorse,CA,2021-05-31 08:38:22,60.7161,-135.0538,47.17,65,40,15.99
199,Gazojak,TM,2021-05-31 08:38:23,41.1875,61.4036,111.27,6,1,25.7
200,Codrington,AU,2021-05-31 08:38:23,-38.2667,141.9667,48.88,47,100,9.42
201,Port Macquarie,AU,2021-05-31 08:37:31,-31.4333,152.9167,56.89,82,40,7.81
202,Varginha,BR,2021-05-31 08:36:03,-21.5514,-45.4303,57.78,94,92,2.48
203,Port Alfred,ZA,2021-05-31 08:38:25,-33.5906,26.891,63.43,49,100,9.33
204,Vanimo,PG,2021-05-31 08:38:25,-2.6741,141.3028,81.09,85,17,8.72
205,Nichinan,JP,2021-05-31 08:38:26,31.6,131.3667,81.55,70,60,4.9
206,Havre-Saint-Pierre,CA,2021-05-31 08:38:26,50.2334,-63.5986,44.96,81,90,5.75
207,Dungarpur,IN,2021-05-31 08:38:27,23.8333,73.7167,102.9,22,79,15.5
208,Vao,NC,2021-05-31 08:28:29,-22.6667,167.4833,70.11,58,21,16.53
209,Rudsar,IR,2021-05-31 08:38:28,37.1376,50.288,80.65,67,18,9.33
210,Pedernales,DO,2021-05-31 08:38:28,18.0384,-71.744,77.83,70,45,3.89
211,Bredasdorp,ZA,2021-05-31 08:38:29,-34.5322,20.0403,58.28,77,40,12.26
212,Sidney,AU,2021-05-31 08:36:43,-33.8679,151.2073,58.3,77,0,1.01
213,Bow Island,CA,2021-05-31 08:38:29,49.8668,-111.3684,61.0,45,73,8.05
214,Virginia Beach,US,2021-05-31 08:36:55,36.8529,-75.978,57.27,82,40,5.75
215,Millinocket,US,2021-05-31 08:38:30,45.6573,-68.7098,50.02,99,90,4.61
216,Bhawanipatna,IN,2021-05-31 08:38:31,19.9,83.1667,108.9,16,24,5.93
217,Mlandizi,TZ,2021-05-31 08:38:31,-6.7,38.7333,79.05,57,85,3.33
218,Krasnaya Gora,RU,2021-05-31 08:38:32,52.9995,31.6023,55.31,58,57,9.84
219,Chokurdakh,RU,2021-05-31 08:38:32,70.6333,147.9167,65.98,27,52,15.93
220,Halifax,CA,2021-05-31 08:33:57,44.6453,-63.5724,47.41,93,100,5.01
221,Rockport,US,2021-05-31 08:38:33,28.0206,-97.0544,80.62,81,20,5.99
222,Boditi,ET,2021-05-31 08:38:33,6.9667,37.8667,73.04,50,32,3.91
223,Khandyga,RU,2021-05-31 08:38:33,62.6667,135.6,59.36,61,63,2.95
224,Nyurba,RU,2021-05-31 08:38:34,63.2842,118.3319,72.45,21,35,8.43
225,Barwadih,IN,2021-05-31 08:38:34,23.8333,84.1167,100.6,27,7,8.63
226,Storforshei,NO,2021-05-31 08:38:35,66.4043,14.5233,49.66,75,75,0.85
227,Abu Samrah,SY,2021-05-31 08:38:35,35.3029,37.1841,93.67,13,0,4.23
228,Hasaki,JP,2021-05-31 08:38:35,35.7333,140.8333,73.18,66,32,11.41
229,Lebu,CL,2021-05-31 08:38:36,-37.6167,-73.65,56.53,99,100,7.09
230,Pundaguitan,PH,2021-05-31 08:38:36,6.3711,126.1689,80.19,83,100,13.13
231,Jalu,LY,2021-05-31 08:38:37,29.0331,21.5482,89.55,21,0,10.27
232,Taybad,IR,2021-05-31 08:38:37,34.74,60.7756,102.0,6,0,18.63
233,Walvis Bay,NA,2021-05-31 08:38:38,-22.9575,14.5053,50.95,100,3,12.12
234,Camacha,PT,2021-05-31 08:38:38,33.0833,-16.3333,67.53,77,40,9.22
235,Srednekolymsk,RU,2021-05-31 08:38:39,67.45,153.6833,66.34,28,73,8.99
236,Necochea,AR,2021-05-31 08:38:39,-38.5473,-58.7368,54.03,53,97,19.82
237,Castro,BR,2021-05-31 08:38:40,-24.7911,-50.0119,56.32,99,100,3.09
238,Broome,US,2021-05-31 08:38:41,42.2506,-75.833,48.45,90,90,1.99
239,Mirador,BR,2021-05-31 08:38:42,-6.3708,-44.3631,67.78,63,5,3.49
240,Xinyu,CN,2021-05-31 08:38:42,27.8043,114.9334,73.99,93,100,1.45
241,Tabou,CI,2021-05-31 08:38:42,4.423,-7.3528,79.18,85,100,3.85
242,Severo-Kurilsk,RU,2021-05-31 08:38:43,50.6789,156.125,37.26,98,100,25.7
243,Yulara,AU,2021-05-31 08:38:43,-25.2406,130.9889,71.44,20,90,6.91
244,North Platte,US,2021-05-31 08:34:25,41.1239,-100.7654,48.97,97,75,0.0
245,Miri,MY,2021-05-31 08:38:13,4.4148,114.0089,87.94,70,20,7.16
246,Kasimov,RU,2021-05-31 08:38:44,54.9411,41.3953,41.61,89,100,12.1
247,Byron Bay,AU,2021-05-31 08:35:41,-28.65,153.6167,62.87,79,4,8.52
248,Warwick,US,2021-05-31 08:37:21,41.7001,-71.4162,50.92,97,90,8.05
249,Kanniyakumari,IN,2021-05-31 08:38:45,8.0833,77.5667,86.56,69,80,23.91
250,Carnarvon,AU,2021-05-31 08:38:45,-24.8667,113.6333,69.87,64,5,17.27
251,Colares,PT,2021-05-31 08:38:46,38.7992,-9.4469,70.32,75,20,4.36
252,Nekhayevskiy,RU,2021-05-31 08:38:46,50.4106,41.7561,63.7,73,99,9.78
253,Bridgetown,BB,2021-05-31 08:38:46,13.1,-59.6167,81.09,65,40,20.8
254,Aykhal,RU,2021-05-31 08:38:47,66.0,111.5,65.17,36,66,17.87
255,Hammerfest,NO,2021-05-31 08:38:47,70.6634,23.6821,44.33,87,75,20.71
256,Lavrentiya,RU,2021-05-31 08:38:48,65.5833,-171.0,32.52,84,75,9.86
257,Sanchazi,CN,2021-05-31 08:38:48,42.0817,126.6003,68.02,56,100,6.04
258,Forest Hill,US,2021-05-31 08:38:48,32.6721,-97.2692,69.64,81,90,5.01
259,Constitucion,CL,2021-05-31 08:38:49,-35.3333,-72.4167,57.29,77,99,0.87
260,Sao Filipe,CV,2021-05-31 08:38:49,14.8961,-24.4956,72.81,79,100,13.24
261,West Wendover,US,2021-05-31 08:38:51,40.7391,-114.0733,69.01,17,1,0.0
262,Luanda,AO,2021-05-31 08:38:51,-8.8368,13.2343,78.8,83,75,3.44
263,Mogok,MM,2021-05-31 08:38:51,22.9167,96.5,74.7,89,100,2.89
264,Laguna,US,2021-05-31 08:38:52,38.421,-121.4238,77.22,60,1,3.62
265,Tocopilla,CL,2021-05-31 08:38:53,-22.092,-70.1979,64.18,71,98,4.14
266,Changqing,CN,2021-05-31 08:38:53,36.5575,116.7272,100.36,17,62,13.29
267,Waingapu,ID,2021-05-31 08:38:53,-9.6567,120.2641,81.82,68,34,6.26
268,Opuwo,NA,2021-05-31 08:38:54,-18.0607,13.84,73.89,19,98,13.04
269,Takoradi,GH,2021-05-31 08:35:48,4.8845,-1.7554,82.65,74,88,2.55
270,Tigil,RU,2021-05-31 08:38:54,57.8,158.6667,49.6,64,72,7.05
271,Uusikaupunki,FI,2021-05-31 08:38:55,60.8004,21.4084,57.72,64,99,7.72
272,Kununurra,AU,2021-05-31 08:38:55,-15.7667,128.7333,85.98,30,80,3.44
273,Abancay,PE,2021-05-31 08:38:56,-13.6339,-72.8814,52.47,87,100,0.6
274,Saldanha,ZA,2021-05-31 08:38:56,-33.0117,17.9442,55.45,67,43,10.71
275,Comodoro Rivadavia,AR,2021-05-31 08:37:07,-45.8667,-67.5,31.86,100,0,2.3
276,Teguise,ES,2021-05-31 08:38:57,29.0605,-13.564,64.62,68,75,16.08
277,Mount Gambier,AU,2021-05-31 08:38:57,-37.8333,140.7667,49.91,62,100,6.91
278,Bitung,ID,2021-05-31 08:38:58,1.4451,125.1824,86.85,81,100,9.53
279,Pandan,PH,2021-05-31 08:38:58,14.0453,124.1694,85.28,75,95,8.32
280,Saint-Francois,FR,2021-05-31 08:38:59,46.4154,3.9054,69.67,55,0,4.61
281,Biscarrosse,FR,2021-05-31 08:36:16,44.3945,-1.1672,77.34,64,0,0.98
282,Mahebourg,MU,2021-05-31 08:39:00,-20.4081,57.7,80.89,65,40,11.5
283,Fuglebjerg,DK,2021-05-31 08:39:00,55.306,11.5477,66.78,68,10,6.49
284,Kazachinskoye,RU,2021-05-31 08:39:01,57.6953,93.2761,65.07,31,23,3.31
285,Ariquemes,BR,2021-05-31 08:36:56,-9.9133,-63.0408,70.36,79,99,2.44
286,Bengkulu,ID,2021-05-31 08:39:02,-3.8004,102.2655,81.52,76,83,7.74
287,Urucara,BR,2021-05-31 08:39:02,-2.5364,-57.76,73.11,91,17,1.05
288,Hattem,NL,2021-05-31 08:39:02,52.475,6.0639,69.33,82,0,6.96
289,Eureka,US,2021-05-31 08:39:03,40.8021,-124.1637,53.67,74,71,2.26
290,Iznoski,RU,2021-05-31 08:39:03,54.9881,35.3108,51.66,57,100,7.49
291,Hastings,GB,2021-05-31 08:34:35,50.8552,0.5729,68.2,61,0,11.1
292,Zyryanskoye,RU,2021-05-31 08:39:04,56.8306,86.6258,70.47,45,72,8.9
293,Olinda,BR,2021-05-31 08:39:04,-8.0089,-34.8553,71.33,88,75,4.54
294,Nabire,ID,2021-05-31 08:34:59,-3.3667,135.4833,79.79,86,76,1.01
295,Tunceli,TR,2021-05-31 08:38:34,39.1083,39.5471,81.46,26,0,9.46
296,Margate,GB,2021-05-31 08:31:27,51.3813,1.3862,65.97,86,0,11.56
297,Havoysund,NO,2021-05-31 08:39:05,70.9963,24.6622,43.68,92,100,29.44
298,Honiara,SB,2021-05-31 08:39:05,-9.4333,159.95,78.57,90,100,4.56
299,Namatanai,PG,2021-05-31 08:39:06,-3.6667,152.4333,80.11,83,100,5.28
300,Gizo,SB,2021-05-31 08:39:06,-8.103,156.8419,82.09,82,48,16.71
301,Abilene,US,2021-05-31 08:39:07,32.4487,-99.7331,73.89,85,90,1.01
302,Balikpapan,ID,2021-05-31 08:39:07,-1.2675,116.8289,85.19,79,20,4.61
303,Kyren,RU,2021-05-31 08:39:07,51.6828,102.1408,45.55,63,100,7.81
304,Barahona,DO,2021-05-31 08:39:08,18.2085,-71.1008,75.92,82,48,1.19
305,Cortez,US,2021-05-31 08:39:08,37.3489,-108.5859,56.52,51,1,0.0
306,Sechura,PE,2021-05-31 08:39:09,-5.5569,-80.8222,67.23,85,100,11.63
307,Deputatskiy,RU,2021-05-31 08:31:42,69.3,139.9,62.24,34,90,16.42
308,Chiang Klang,TH,2021-05-31 08:39:09,19.2938,100.8617,96.13,75,84,2.91
309,Iqaluit,CA,2021-05-31 08:39:10,63.7506,-68.5145,33.53,86,90,11.01
310,Alice Springs,AU,2021-05-31 08:39:10,-23.7,133.8833,74.21,21,75,11.99
311,Paraiso,CR,2021-05-31 08:39:11,9.8383,-83.8656,63.46,89,96,2.91
312,Neuquen,AR,2021-05-31 08:39:11,-38.9516,-68.0591,55.29,58,0,4.61
313,Kapit,MY,2021-05-31 08:39:11,2.0167,112.9333,79.61,92,99,3.36
314,Nishihara,JP,2021-05-31 08:32:23,26.1842,127.7558,78.85,78,75,18.63
315,Yuancheng,CN,2021-05-31 08:39:12,36.652,107.7896,76.77,20,100,19.28
316,Kaeo,NZ,2021-05-31 08:39:12,-35.1,173.7833,52.32,91,4,4.88
317,San Carlos De Bariloche,AR,2021-05-31 08:39:13,-41.1456,-71.3082,49.75,87,40,9.42
318,Khor,RU,2021-05-31 08:39:13,47.8861,134.9464,63.07,62,66,3.2
319,Beloha,MG,2021-05-31 08:39:14,-25.1667,45.05,78.22,44,6,4.79
320,Kushmurun,KZ,2021-05-31 08:39:14,52.4503,64.6311,81.68,42,70,8.21
321,Alofi,NU,2021-05-31 08:39:14,-19.0595,-169.9187,73.29,100,94,0.0
322,Moshupa,BW,2021-05-31 08:39:15,-24.7782,25.4155,61.21,28,84,11.05
323,Semey,KZ,2021-05-31 08:39:15,50.4111,80.2275,88.02,14,0,4.47
324,Aklavik,CA,2021-05-31 08:39:16,68.2191,-135.0107,47.12,76,92,12.33
325,Sioux Lookout,CA,2021-05-31 08:39:16,50.1001,-91.917,48.58,93,75,3.44
326,Coahuayana,MX,2021-05-31 08:39:16,18.7333,-103.6833,76.71,64,94,2.95
327,Bowen,AU,2021-05-31 08:39:17,-20.0167,148.2333,68.22,74,78,14.05
328,Dingle,PH,2021-05-31 08:39:17,10.9995,122.6711,84.18,79,100,3.89
329,Estancia,BR,2021-05-31 08:39:18,-11.2683,-37.4383,78.28,93,58,1.9
330,Saint Anthony,US,2021-05-31 08:39:18,45.0205,-93.218,55.72,90,75,1.01
331,Bejar,ES,2021-05-31 08:39:19,40.3864,-5.7634,73.58,45,69,5.95
332,Huilong,CN,2021-05-31 08:39:19,31.8111,121.655,83.03,66,100,14.0
333,Micheweni,TZ,2021-05-31 08:39:19,-4.9667,39.8333,81.93,67,76,9.15
334,Raudeberg,NO,2021-05-31 08:39:20,61.9875,5.1352,58.6,86,41,6.67
335,Richmond,US,2021-05-31 08:32:11,37.5538,-77.4603,51.78,92,90,3.62
336,Nagykanizsa,HU,2021-05-31 08:39:20,46.4535,16.991,64.11,61,98,12.88
337,Caravelas,BR,2021-05-31 08:39:21,-17.7125,-39.2481,71.98,90,5,4.41
338,Slavyanka,RU,2021-05-31 08:39:21,42.8633,131.3847,54.0,88,46,5.55
339,Wabana,CA,2021-05-31 08:39:21,47.6332,-52.9481,41.38,95,75,5.37
340,Riyadh,SA,2021-05-31 08:39:22,24.6877,46.7219,107.65,7,0,2.3
341,Lumphat,KH,2021-05-31 08:39:22,13.4878,106.9816,87.84,67,80,5.32
342,Santa Barbara,US,2021-05-31 08:39:23,34.7333,-120.0343,49.3,89,1,2.13
343,Mantua,IT,2021-05-31 08:35:55,45.1667,10.7833,70.09,56,96,7.0
344,Hay River,CA,2021-05-31 08:39:23,60.8156,-115.7999,39.18,81,75,9.22
345,Henties Bay,NA,2021-05-31 08:39:23,-22.116,14.2845,62.2,75,25,10.36
346,Ballina,AU,2021-05-31 08:39:24,-28.8667,153.5667,58.96,82,40,5.75
347,Magadan,RU,2021-05-31 08:39:24,59.5667,150.8,36.34,98,100,3.62
348,Havelock,US,2021-05-31 08:36:42,34.8791,-76.9013,57.18,90,51,5.7
349,Biloela,AU,2021-05-31 08:39:25,-24.4167,150.5,59.45,68,0,5.79
350,Cay,TR,2021-05-31 08:39:25,38.5917,31.0286,60.35,51,92,9.91
351,Cap Malheureux,MU,2021-05-31 08:39:26,-19.9842,57.6142,81.09,66,11,5.99
352,Zhigansk,RU,2021-05-31 08:39:26,66.7697,123.3711,61.11,32,6,6.58
353,Tyret Pervaya,RU,2021-05-31 08:39:27,53.6703,102.3106,45.68,62,86,10.02
354,Dalian,CN,2021-05-31 08:39:27,38.9122,121.6022,60.73,88,90,15.66
355,Monrovia,LR,2021-05-31 08:39:28,6.3005,-10.7969,74.97,95,100,1.5
356,Mehamn,NO,2021-05-31 08:39:28,71.0357,27.8492,42.71,88,100,29.17
357,Mount Isa,AU,2021-05-31 08:39:29,-20.7333,139.5,74.97,33,7,5.75
358,Shestakovo,RU,2021-05-31 08:39:29,56.4915,103.96,53.35,42,100,6.69
359,Nata,PA,2021-05-31 08:39:30,8.3333,-80.5167,77.47,87,39,3.47
360,Promyshlennaya,RU,2021-05-31 08:39:30,54.9159,85.6385,76.15,49,87,7.61
361,Kamaishi,JP,2021-05-31 08:39:30,39.2667,141.8833,68.95,81,100,5.37
362,Mayo,US,2021-05-31 08:39:31,38.8876,-76.5119,52.16,93,1,1.01
363,Labuhan,ID,2021-05-31 08:39:31,-6.8844,112.2051,83.52,74,96,5.95
364,Yarmouth,US,2021-05-31 08:39:31,41.7057,-70.2286,54.03,80,90,3.0
365,Taksimo,RU,2021-05-31 08:39:32,56.3444,114.8794,45.75,75,100,3.58
366,Santa Clara,CU,2021-05-31 08:39:32,22.4,-79.9667,71.26,100,40,5.32
367,Farah,AF,2021-05-31 08:39:33,32.5,62.5,99.86,4,0,7.81
368,Fare,PF,2021-05-31 08:39:34,-16.7,-151.0167,78.62,69,72,17.76
369,Grindavik,IS,2021-05-31 08:39:34,63.8424,-22.4338,48.56,81,40,24.23
370,Nijar,ES,2021-05-31 08:28:15,36.9665,-2.206,73.04,41,0,6.04
371,Bathsheba,BB,2021-05-31 08:39:34,13.2167,-59.5167,81.21,65,40,19.55
372,Fort Payne,US,2021-05-31 08:39:35,34.4442,-85.7197,52.72,86,1,1.01
373,Marsh Harbour,BS,2021-05-31 08:35:27,26.5412,-77.0636,77.2,81,49,10.16
374,Kazanka,UA,2021-05-31 08:39:36,47.8462,32.8218,62.91,74,100,12.39
375,Kieta,PG,2021-05-31 08:31:48,-6.2167,155.6333,80.02,86,89,5.68
376,Lashma,RU,2021-05-31 08:39:37,54.9321,41.1438,41.61,91,100,11.32
377,Cockburn Town,TC,2021-05-31 08:39:37,21.4612,-71.1419,80.19,73,11,19.86
378,Itarana,BR,2021-05-31 08:39:38,-19.8739,-40.8753,61.99,98,93,1.61
379,Gazli,UZ,2021-05-31 08:39:38,40.1333,63.45,110.5,6,50,13.04
380,Bilimora,IN,2021-05-31 08:39:39,20.7672,72.9693,93.11,55,31,12.8
381,Srikakulam,IN,2021-05-31 08:39:40,18.3,83.9,94.8,59,34,17.09
382,Satipo,PE,2021-05-31 08:39:40,-11.2522,-74.6386,67.41,99,100,2.1
383,Itarema,BR,2021-05-31 08:39:41,-2.9248,-39.9167,73.29,92,11,9.44
384,Aswan,EG,2021-05-31 08:39:41,24.0934,32.907,107.89,6,93,16.06
385,Sorong,ID,2021-05-31 08:39:42,-0.8833,131.25,82.8,79,35,12.71
386,Polunochnoye,RU,2021-05-31 08:39:43,60.8697,60.4153,55.2,28,58,6.73
387,Kashirskoye,RU,2021-05-31 08:39:43,51.4194,39.6125,50.22,74,99,7.92
388,Koslan,RU,2021-05-31 08:39:44,63.4564,48.8989,50.72,42,94,5.61
389,Shar,KZ,2021-05-31 08:39:45,49.5886,81.0453,83.82,20,5,6.49
390,Mishawaka,US,2021-05-31 08:39:45,41.662,-86.1586,55.65,78,1,1.01
391,Cabo San Lucas,MX,2021-05-31 08:36:36,22.8909,-109.9124,81.41,66,1,14.45
392,Manta,EC,2021-05-31 08:39:45,-0.95,-80.7333,73.15,88,99,7.16
393,Balaipungut,ID,2021-05-31 08:39:46,1.05,101.2833,93.61,74,84,2.95
394,Nhulunbuy,AU,2021-05-31 08:39:46,-12.2333,136.7667,81.21,69,75,13.8
395,Yaan,NG,2021-05-31 08:39:47,7.3833,8.5667,85.96,65,92,8.19
396,Teutonia,BR,2021-05-31 08:39:47,-29.4481,-51.8064,38.34,95,0,1.01
397,Alberton,CA,2021-05-31 08:39:47,46.8168,-64.0654,48.33,92,100,11.68
398,Erenhot,CN,2021-05-31 08:39:48,43.6475,111.9767,59.49,26,19,22.57
399,Ketchikan,US,2021-05-31 08:32:21,55.3422,-131.6461,53.58,95,100,4.14
400,Aksarka,RU,2021-05-31 08:39:49,66.5606,67.7975,47.97,37,71,14.0
401,Inirida,CO,2021-05-31 08:39:49,3.8653,-67.9239,71.91,99,89,0.51
402,Cootamundra,AU,2021-05-31 08:39:50,-34.65,148.0333,45.95,67,0,2.01
403,Nizhniy Kuranakh,RU,2021-05-31 08:39:50,58.8353,125.4869,55.98,81,100,2.8
404,Saint-Pierre,RE,2021-05-31 08:31:57,-21.3393,55.4781,82.04,69,0,9.22
405,Rucheng,CN,2021-05-31 08:39:51,32.3883,120.5553,85.96,39,100,12.37
406,Itaituba,BR,2021-05-31 08:36:34,-4.2761,-55.9836,76.03,75,100,0.09
407,Slavuta,UA,2021-05-31 08:39:52,50.3016,26.8651,59.14,70,73,8.28
408,Poniatowa,PL,2021-05-31 08:39:53,51.1798,22.1309,60.71,59,78,11.18
409,La Ligua,CL,2021-05-31 08:39:14,-32.4524,-71.2311,56.52,53,16,0.94
410,San Francisco,US,2021-05-31 08:39:53,37.7749,-122.4194,63.81,83,1,5.01
411,Puerto Ayacucho,VE,2021-05-31 08:39:54,5.6639,-67.6236,74.34,95,100,3.36
412,Casablanca,MA,2021-05-31 08:39:54,33.5928,-7.6192,66.54,77,90,8.99
413,Tres Arroyos,AR,2021-05-31 08:39:54,-38.3739,-60.2798,53.31,54,43,17.78
414,Safaga,EG,2021-05-31 08:39:55,26.7292,33.9365,102.15,33,58,14.03
415,Freeport,US,2021-05-31 08:38:46,40.6576,-73.5832,50.52,95,90,3.0
416,Talara,PE,2021-05-31 08:39:55,-4.5772,-81.2719,68.31,85,96,14.38
417,Bonavista,CA,2021-05-31 08:39:56,48.6499,-53.1147,41.0,85,94,7.4
418,Amahai,ID,2021-05-31 08:39:56,-3.3333,128.9167,80.38,81,100,4.52
419,Igurubi,TZ,2021-05-31 08:39:57,-4.0,33.7,79.99,41,83,8.12
420,Cayenne,GF,2021-05-31 08:38:39,4.9333,-52.3333,76.08,90,90,6.53
421,Marienburg,PL,2021-05-31 08:39:58,54.0359,19.0266,62.96,59,23,7.94
422,Ostrovnoy,RU,2021-05-31 08:32:04,68.0531,39.5131,45.95,75,98,13.73
423,Concepcion Del Uruguay,AR,2021-05-31 08:39:59,-32.4825,-58.2372,45.99,79,8,1.01
424,Adoni,IN,2021-05-31 08:39:59,15.6333,77.2833,97.48,32,23,7.7
425,Makakilo City,US,2021-05-31 08:40:00,21.3469,-158.0858,77.32,72,1,0.0
426,Ancud,CL,2021-05-31 08:40:01,-41.8697,-73.8203,57.22,97,100,18.14
427,Yekimovichi,RU,2021-05-31 08:40:04,54.1129,33.2965,55.29,52,89,7.94
428,Acapulco,MX,2021-05-31 08:40:04,16.8634,-99.8901,81.05,74,100,4.5
429,Tieling,CN,2021-05-31 08:40:05,42.2931,123.8414,75.22,39,100,11.59
430,Calamar,CO,2021-05-31 08:40:05,10.2511,-74.9146,78.75,89,83,3.02
431,San Jose,US,2021-05-31 08:40:05,37.3394,-121.895,64.71,77,1,0.0
432,Palmer,US,2021-05-31 08:40:06,42.1584,-72.3287,48.72,84,90,1.99
433,Nome,US,2021-05-31 08:40:06,64.5011,-165.4064,51.87,59,1,3.44
434,Kargasok,RU,2021-05-31 08:40:07,59.0556,80.8572,82.74,28,78,16.15
435,Loa Janan,ID,2021-05-31 08:40:08,-0.583,117.095,84.07,75,60,5.08
436,Basoko,CD,2021-05-31 08:40:08,1.2391,23.616,90.36,49,82,2.53
437,Kirensk,RU,2021-05-31 08:40:08,57.7853,108.1119,44.13,89,100,2.89
438,Tura,IN,2021-05-31 08:40:09,25.5198,90.2201,81.63,85,100,5.5
439,Isangel,VU,2021-05-31 08:40:10,-19.55,169.2667,71.62,75,94,11.77
440,Nagahama,JP,2021-05-31 08:40:10,35.3833,136.2667,81.64,49,11,4.76
441,Berlevag,NO,2021-05-31 08:31:15,70.8578,29.0864,42.6,86,100,28.92
442,Tagusao,PH,2021-05-31 08:40:11,9.1924,117.8141,84.13,77,58,7.72
443,Port Lavaca,US,2021-05-31 08:40:12,28.615,-96.6261,77.99,92,100,11.81
444,Korla,CN,2021-05-31 08:39:11,41.7597,86.1469,90.03,11,41,10.16
445,Atchison,US,2021-05-31 08:40:12,39.563,-95.1216,62.73,88,100,3.51
446,Komsomolskiy,UZ,2021-05-31 08:40:13,40.4272,71.7189,92.62,20,0,6.91
447,Kloulklubed,PW,2021-05-31 08:40:13,7.0419,134.2556,84.7,77,100,20.98
448,Pangai,TO,2021-05-31 08:40:14,-19.8,-174.35,78.46,81,86,4.9
449,Moose Factory,CA,2021-05-31 08:40:14,51.2585,-80.6094,53.6,76,90,5.75
450,Kavieng,PG,2021-05-31 08:40:15,-2.5744,150.7967,80.92,81,100,9.17
451,Kenai,US,2021-05-31 08:40:15,60.5544,-151.2583,50.09,73,90,6.91
452,Terra Santa,BR,2021-05-31 08:40:16,-2.1042,-56.4869,75.02,88,54,2.01
453,Northam,GB,2021-05-31 08:40:16,51.0333,-4.2167,64.47,77,2,10.65
454,Evensk,RU,2021-05-31 08:40:17,61.95,159.2333,42.31,83,97,2.08
455,Lubango,AO,2021-05-31 08:40:17,-14.9172,13.4925,67.86,22,0,4.61
456,Buala,SB,2021-05-31 08:40:17,-8.145,159.5921,79.9,87,70,6.6
457,Kysyl-Syr,RU,2021-05-31 08:40:18,63.8986,122.7617,68.47,26,69,7.76
458,Klaksvik,FO,2021-05-31 08:40:18,62.2266,-6.589,52.72,90,32,16.89
459,Morondava,MG,2021-05-31 08:31:36,-20.2833,44.2833,78.78,52,0,8.3
460,Malanje,AO,2021-05-31 08:35:25,-9.5402,16.341,71.98,64,40,8.05
461,Kralendijk,BQ,2021-05-31 08:40:19,12.15,-68.2667,80.58,78,75,16.11
462,Kabanjahe,ID,2021-05-31 08:40:20,3.1001,98.4908,75.96,88,97,4.36
463,San Lorenzo,PY,2021-05-31 08:40:21,-25.3333,-57.5333,43.74,87,0,1.99
464,Kavaratti,IN,2021-05-31 08:40:21,10.5669,72.642,83.7,76,77,20.92
465,Zemio,CF,2021-05-31 08:40:21,5.0314,25.1361,93.42,38,64,3.96
466,Oshkosh,US,2021-05-31 08:37:19,44.0247,-88.5426,55.58,69,90,1.01
467,Pacific Grove,US,2021-05-31 08:40:22,36.6177,-121.9166,58.8,90,1,1.01
468,Touros,BR,2021-05-31 08:31:26,-5.1989,-35.4608,74.3,89,49,8.08
469,Mandalgovi,MN,2021-05-31 08:35:53,45.7625,106.2708,50.95,26,100,16.98
470,Huarmey,PE,2021-05-31 08:40:23,-10.0681,-78.1522,65.1,90,94,8.59
471,Duluth,US,2021-05-31 08:38:11,46.7833,-92.1066,53.6,93,1,1.99
472,Methoni,GR,2021-05-31 08:40:23,36.8197,21.7049,79.21,68,1,17.2
473,Snyder,US,2021-05-31 08:40:24,32.7179,-100.9176,71.74,100,90,8.05
474,Karratha,AU,2021-05-31 08:40:24,-20.7377,116.8463,80.29,40,9,3.53
475,Broken Hill,AU,2021-05-31 08:40:25,-31.95,141.4333,53.31,35,93,3.44
476,Lagunas,PE,2021-05-31 08:40:26,-5.2269,-75.6753,71.91,100,97,1.68
477,Guerrero Negro,MX,2021-05-31 08:40:26,27.9769,-114.0611,57.79,86,0,9.98
478,Kodinsk,RU,2021-05-31 08:40:27,58.6881,99.1844,61.47,39,29,2.24
479,Port Lincoln,AU,2021-05-31 08:40:28,-34.7333,135.8667,59.95,53,100,2.3
480,Abu Dhabi,AE,2021-05-31 08:38:30,24.4667,54.3667,109.51,25,0,6.15
481,Sayyan,YE,2021-05-31 08:40:28,15.1718,44.3244,77.74,11,0,19.6
482,Bure,ET,2021-05-31 08:40:28,10.7,37.0667,84.74,18,2,3.71
483,Porto Novo,BJ,2021-05-31 08:40:29,6.4965,2.6036,84.02,65,42,7.61
484,Umm Kaddadah,SD,2021-05-31 08:40:29,13.6017,26.6876,99.16,21,36,4.9
485,Hofn,IS,2021-05-31 08:40:30,64.2539,-15.2082,46.42,87,20,10.36
486,Rawlins,US,2021-05-31 08:40:30,41.7911,-107.2387,42.69,82,1,8.05
487,Rafaela,AR,2021-05-31 08:40:30,-31.2503,-61.4867,48.06,66,10,3.0
488,Sangar,RU,2021-05-31 08:40:31,63.9242,127.4739,61.39,39,72,4.68
489,Makasar,ID,2021-05-31 08:40:31,-5.14,119.4221,87.85,79,20,11.1
490,Challapata,BO,2021-05-31 08:40:31,-18.9,-66.7667,31.6,33,51,2.75
491,Vila,PT,2021-05-31 08:40:32,42.0304,-8.1588,71.74,48,44,0.29
492,Grand Gaube,MU,2021-05-31 08:40:32,-20.0064,57.6608,81.0,66,11,5.99
493,Muroto,JP,2021-05-31 08:40:33,33.2833,134.15,71.64,71,1,4.59
494,Ayan,RU,2021-05-31 08:40:33,56.45,138.1667,39.74,91,94,9.31
495,Panguna,PG,2021-05-31 08:40:33,-6.3164,155.4848,69.87,97,87,1.81
496,Markova,UA,2021-05-31 08:40:34,48.6758,24.4138,54.99,96,100,4.29
497,Todos Santos,MX,2021-05-31 08:40:34,23.45,-110.2167,80.91,73,27,7.05
498,Bjerringbro,DK,2021-05-31 08:40:35,56.378,9.6607,68.13,67,12,8.46
499,Barra Do Garcas,BR,2021-05-31 08:40:36,-15.89,-52.2567,69.53,68,93,2.66
500,Barinitas,VE,2021-05-31 08:40:36,8.7622,-70.4111,74.68,72,35,4.72
501,Tarauaca,BR,2021-05-31 08:40:37,-8.1614,-70.7656,70.45,97,99,2.35
502,Puerto Madryn,AR,2021-05-31 08:40:37,-42.7692,-65.0385,44.13,83,4,11.1
503,La Ronge,CA,2021-05-31 08:40:38,55.1001,-105.2842,61.05,36,90,5.75
504,Yushan,CN,2021-05-31 08:40:38,31.3776,120.9543,82.29,32,90,11.72
505,Correntina,BR,2021-05-31 08:40:39,-13.3433,-44.6367,61.59,61,37,1.52
506,El Alto,PE,2021-05-31 08:40:39,-4.2714,-81.2147,66.67,83,95,14.58
507,Menongue,AO,2021-05-31 08:40:39,-14.6585,17.691,75.2,19,3,7.54
508,Santiago,CL,2021-05-31 08:39:58,-33.4569,-70.6483,58.86,53,90,1.54
509,Thompson,CA,2021-05-31 08:40:40,55.7435,-97.8558,48.36,71,75,8.05
510,Mackenzie,CA,2021-05-31 08:40:40,55.2999,-123.1698,50.22,87,75,2.3
511,Mana,GF,2021-05-31 08:40:41,5.6592,-53.7767,75.69,91,93,5.75
512,Omboue,GA,2021-05-31 08:40:41,-1.5746,9.2618,81.73,75,82,8.75
513,Ayagoz,KZ,2021-05-31 08:40:41,47.9714,80.4392,84.87,15,4,10.74
514,Hobyo,SO,2021-05-31 08:40:42,5.3505,48.5268,84.02,65,100,21.05
515,Mamburao,PH,2021-05-31 08:40:42,13.25,120.6667,84.51,76,56,4.34
516,Thinadhoo,MV,2021-05-31 08:39:03,0.5333,72.9333,84.24,71,73,20.09
517,Filadelfia,US,2021-05-31 08:39:12,39.9523,-75.1638,51.91,91,90,3.0
518,Saquena,PE,2021-05-31 08:40:43,-4.6667,-73.5167,71.87,100,100,1.39
519,Aripuana,BR,2021-05-31 08:40:43,-9.1667,-60.6333,69.3,81,70,1.95
520,Sibolga,ID,2021-05-31 08:36:53,1.7427,98.7792,80.46,88,83,2.17
521,Akyab,MM,2021-05-31 08:40:44,20.15,92.9,86.52,69,71,8.39
522,Atasu,KZ,2021-05-31 08:40:44,48.6814,71.6433,92.53,17,90,17.02
523,Los Llanos De Aridane,ES,2021-05-31 08:40:45,28.6585,-17.9182,64.13,80,75,11.61
524,Santa Cruz Do Capibaribe,BR,2021-05-31 08:40:45,-7.9575,-36.2047,67.87,94,79,3.42
525,Arman,RU,2021-05-31 08:40:46,59.7,150.1667,36.82,98,100,3.76
526,Razole,IN,2021-05-31 08:40:46,16.4833,81.8333,100.63,40,22,12.48
527,Noyabrsk,RU,2021-05-31 08:40:47,63.1994,75.4507,43.07,68,100,8.75
528,Limon,CR,2021-05-31 08:40:47,10.0,-83.0333,76.69,83,100,1.66
529,Manjeshwar,IN,2021-05-31 08:40:47,12.7194,74.8861,88.75,75,79,11.14
530,Chumikan,RU,2021-05-31 08:40:48,54.7183,135.315,41.32,82,40,6.06
531,Tommot,RU,2021-05-31 08:31:28,58.9564,126.2925,56.01,84,97,7.65
532,Suraabad,AZ,2021-05-31 08:40:48,40.8192,49.4687,78.98,70,5,9.06
533,Guangyuan,CN,2021-05-31 08:39:09,32.442,105.823,86.83,48,94,5.01
534,Requena,ES,2021-05-31 08:40:49,39.4883,-1.1004,69.51,37,90,4.07
535,Inuvik,CA,2021-05-31 08:40:50,68.3499,-133.7218,47.16,61,75,10.36
536,Tazovskiy,RU,2021-05-31 08:40:51,67.4667,78.7,37.09,66,100,13.87
537,Sinolon,PH,2021-05-31 08:40:52,6.2439,124.8144,77.58,95,100,1.97
538,Nuuk,GL,2021-05-31 08:40:53,64.1835,-51.7216,34.41,93,75,17.27
539,Traralgon,AU,2021-05-31 08:40:53,-38.1833,146.5333,51.91,83,10,1.12
540,Luderitz,NA,2021-05-31 08:40:54,-26.6481,15.1594,66.67,34,0,20.69
541,Kahului,US,2021-05-31 08:40:54,20.8947,-156.47,75.85,78,20,5.75
542,Muzaffarabad,PK,2021-05-31 08:40:55,34.37,73.4711,80.11,55,30,7.11
543,Aleksandrov Gay,RU,2021-05-31 08:40:55,50.147,48.5704,80.37,50,13,3.49
544,Reo,BF,2021-05-31 08:40:56,12.3167,-2.4667,89.94,45,72,15.39
545,Tilichiki,RU,2021-05-31 08:40:56,60.4667,166.1,40.14,78,90,3.22
546,Hanzhong,CN,2021-05-31 08:40:57,33.0728,107.0303,89.78,44,100,5.26
547,Ovalle,CL,2021-05-31 08:39:12,-30.5983,-71.2003,62.15,49,2,2.21
548,Bonfim,BR,2021-05-31 08:40:57,3.0833,-59.95,72.18,94,98,0.49
549,Mareeba,AU,2021-05-31 08:40:58,-17.0,145.4333,66.92,85,73,3.56
550,Hilton Head Island,US,2021-05-31 08:38:16,32.2163,-80.7526,69.98,76,1,8.05
551,Yumen,CN,2021-05-31 08:40:58,40.2833,97.2,80.89,5,0,22.68
552,Rodrigues Alves,BR,2021-05-31 08:40:59,-7.738,-72.6509,71.53,97,91,1.59
553,Trincomalee,LK,2021-05-31 08:41:00,8.5711,81.2335,93.29,53,91,14.54
554,Piranhas,BR,2021-05-31 08:41:00,-16.4269,-51.8222,70.57,62,100,5.28
555,Waipawa,NZ,2021-05-31 08:41:02,-41.4122,175.5153,50.63,93,86,10.89
556,Caninde,BR,2021-05-31 08:41:02,-4.3589,-39.3117,69.1,98,13,3.76
557,Sesimbra,PT,2021-05-31 08:41:03,38.4445,-9.1015,70.3,70,0,6.2
558,Sisimiut,GL,2021-05-31 08:41:04,66.9395,-53.6735,33.28,99,100,6.11
559,Anyang,CN,2021-05-31 08:41:04,36.0994,114.3289,99.9,16,95,10.63
560,Callaguip,PH,2021-05-31 08:41:05,18.0714,120.4867,89.62,74,75,7.05
561,Jumla,NP,2021-05-31 08:41:06,29.2747,82.1838,67.68,68,78,6.69
562,Bacabal,BR,2021-05-31 08:36:16,-4.2917,-44.7917,71.04,98,4,3.33
563,Rio Grande,BR,2021-05-31 08:41:06,-32.035,-52.0986,44.69,68,2,9.86
564,Erzin,TR,2021-05-31 08:41:07,36.9559,36.2,86.52,34,39,4.74
565,Colesberg,ZA,2021-05-31 08:41:07,-30.72,25.0972,50.9,32,100,9.6
566,Yelan,RU,2021-05-31 08:41:07,50.949,43.7378,65.77,79,100,10.11
567,Darnah,LY,2021-05-31 08:41:08,32.767,22.6367,73.76,59,18,11.81
568,Namtsy,RU,2021-05-31 08:41:08,62.7161,129.6658,66.31,47,96,5.03
569,Husavik,IS,2021-05-31 08:41:09,66.0449,-17.3389,49.91,51,0,13.6
570,Matamoros,MX,2021-05-31 08:41:09,25.5333,-103.25,77.11,62,54,5.44
571,Sur,OM,2021-05-31 08:41:10,22.5667,59.5289,104.4,26,5,3.87
572,Nizhniy Tsasuchey,RU,2021-05-31 08:41:11,50.5167,115.1333,56.17,45,100,16.2
573,Adrar,MR,2021-05-31 08:32:16,20.5022,-10.0711,91.8,25,63,7.23
574,Kurilsk,RU,2021-05-31 08:41:12,45.2333,147.8833,37.49,97,100,18.25
575,Corrientes,AR,2021-05-31 08:41:12,-27.4806,-58.8341,44.94,91,0,1.99
